{"cameraMode":{"drawMode":0,"name":"Shaded","section":"Shading Mode"},"sceneLighting":true,"audioPlay":false,"sceneViewState":{"showFog":true,"showMaterialUpdate":false,"showSkybox":true,"showFlares":true,"showImageEffects":true,"showParticleSystems":true},"in2DMode":false,"pivot":{"x":4.872262001037598,"y":-0.6459444165229797,"z":53.856895446777347},"rotation":{"x":-0.03179946914315224,"y":-0.017393551766872407,"z":0.000553424411918968,"w":-0.9993427991867065},"size":71.19415283203125,"orthographic":false}