{"cameraMode":{"drawMode":0,"name":"Shaded","section":"Shading Mode"},"sceneLighting":true,"audioPlay":false,"sceneViewState":{"showFog":true,"showMaterialUpdate":false,"showSkybox":true,"showFlares":true,"showImageEffects":true,"showParticleSystems":true},"in2DMode":false,"pivot":{"x":24.503414154052736,"y":-2.215865135192871,"z":53.0728759765625},"rotation":{"x":-0.03179946914315224,"y":-0.017393551766872407,"z":0.000553424411918968,"w":-0.9993427991867065},"size":59.352760314941409,"orthographic":false}