{"cameraMode":{"drawMode":0,"name":"Shaded","section":"Shading Mode"},"sceneLighting":false,"audioPlay":false,"sceneViewState":{"showFog":true,"showMaterialUpdate":false,"showSkybox":false,"showFlares":true,"showImageEffects":true,"showParticleSystems":true},"in2DMode":false,"pivot":{"x":0.4232580363750458,"y":1.6886833906173707,"z":-0.05161184072494507},"rotation":{"x":-0.0015961254248395563,"y":0.9957689046859741,"z":-0.09017282724380493,"w":-0.01762610860168934},"size":7.49148416519165,"orthographic":false}