{"cameraMode":{"drawMode":0,"name":"Shaded","section":"Shading Mode"},"sceneLighting":false,"audioPlay":false,"sceneViewState":{"showFog":true,"showMaterialUpdate":false,"showSkybox":false,"showFlares":true,"showImageEffects":true,"showParticleSystems":true},"in2DMode":false,"pivot":{"x":22.05945587158203,"y":0.8714730739593506,"z":0.0},"rotation":{"x":-0.03179946914315224,"y":-0.017393551766872407,"z":0.000553424411918968,"w":-0.9993427991867065},"size":3.664161205291748,"orthographic":false}